exp_flood,exp_disas,prior_cc,prior_slr,pol_party,pol_ideol,age,educ,children,income,t,cost,wtp,purchase,sit_worry,sit_prepare,glob_finan,glob_safe,female,minority,university,unemployed,married,standalone,coastal,t0,t1,t2,t3,pol,cc,sit_w,sit_p,glob_f,glob_s,sit_sum,sit,prem_perceived,prem_actual
0,1,5,5,4,4,35,3,0,37500,Treatment 2a,20,20,1,5,5,5,5,0,0,0,0,0,0,1,0,0,1,0,5.92658341663687,0.973477884601824,1.13836541932059,1.04863583254347,0.853999693319896,1.04281073906155,10,6,0,-42.5
1,1,4,5,7,1,25,6,0,87500,Treatment 1,65,55,1,4,5,4,3,0,0,1,0,0,0,0,0,1,0,0,5.92658341663687,0.428874872237167,0.174669826244958,1.04863583254347,-0.459845988710713,-1.45681050812719,9,5,-10,-7.5
0,0,5,4,2,2,45,5,2,37500,Treatment 2a,46,0,0,1,2,4,4,1,1,0,0,1,0,1,0,0,1,0,1.92658341663687,0.428874872237167,-2.71641695298194,-2.39893402787342,-0.459845988710713,-0.206999884532818,3,1,-46,-62.5
0,0,5,5,2,2,25,6,0,37500,Treatment 1,50,0,0,2,3,5,3,0,1,1,0,0,0,1,0,1,0,0,1.92658341663687,0.973477884601824,-1.75272135990631,-1.24974407440113,0.853999693319896,-1.45681050812719,5,1,-50,-62.5
0,0,2,2,1,2,25,6,0,62500,Treatment 2b,47,43,1,2,3,2,3,1,0,1,0,0,0,1,0,0,0,1,0.926583416636868,-2.29414018958612,-1.75272135990631,-1.24974407440113,-3.08753735277193,-1.45681050812719,5,1,-4,-19.5
0,0,5,5,4,4,25,6,0,150000,Control,66,0,0,3,3,3,3,1,0,1,0,0,0,1,1,0,0,0,5.92658341663687,0.973477884601824,-0.789025766830675,-1.24974407440113,-1.77369167074132,-1.45681050812719,6,1,-66,-62.5
0,0,5,5,2,2,25,6,0,37500,Control,102,79,1,3,4,4,3,0,0,1,0,0,0,1,1,0,0,0,1.92658341663687,0.973477884601824,-0.789025766830675,-0.100554120928827,-0.459845988710713,-1.45681050812719,7,2,-23,16.5
0,0,4,4,4,4,35,6,2,87500,Control,23,47,1,4,4,4,4,0,1,1,0,1,1,0,1,0,0,0,5.92658341663687,-0.11572814012749,0.174669826244958,-0.100554120928827,-0.459845988710713,-0.206999884532818,8,3,24,-15.5
0,1,3,3,6,5,45,7,3,150000,Treatment 2a,100,100,1,5,5,5,5,1,0,1,0,1,1,1,0,0,1,0,8.92658341663687,-1.2049341648568,1.13836541932059,1.04863583254347,0.853999693319896,1.04281073906155,10,6,0,37.5
0,1,5,5,3,3,25,6,0,62500,Treatment 2b,10,20,1,4,4,5,4,0,0,1,0,0,0,1,0,0,0,1,3.92658341663687,0.973477884601824,0.174669826244958,-0.100554120928827,0.853999693319896,-0.206999884532818,8,3,10,-42.5
0,0,5,5,1,1,25,7,0,62500,Treatment 2b,75,100,1,5,5,5,5,1,0,1,0,1,0,0,0,0,0,1,-0.0734165833631315,0.973477884601824,1.13836541932059,1.04863583254347,0.853999693319896,1.04281073906155,10,6,25,37.5
1,1,4,4,7,4,25,6,0,87500,Treatment 2b,104,93,1,4,2,3,3,0,0,1,0,0,0,0,0,0,0,1,8.92658341663687,-0.11572814012749,0.174669826244958,-2.39893402787342,-1.77369167074132,-1.45681050812719,6,1,-11,30.5
1,1,4,4,4,3,25,5,0,37500,Treatment 2a,30,22,1,2,2,4,5,1,0,0,0,0,0,1,0,0,1,0,4.92658341663687,-0.11572814012749,-1.75272135990631,-2.39893402787342,-0.459845988710713,1.04281073906155,4,1,-8,-40.5
1,0,3,4,4,4,35,6,2,150000,Treatment 1,34,48,1,4,5,3,4,0,0,1,0,1,1,1,0,1,0,0,5.92658341663687,-0.660331152492146,0.174669826244958,1.04863583254347,-1.77369167074132,-0.206999884532818,9,5,14,-14.5
0,1,5,4,3,3,35,6,0,37500,Treatment 1,35,50,1,4,4,5,5,0,0,1,0,0,0,0,0,1,0,0,3.92658341663687,0.428874872237167,0.174669826244958,-0.100554120928827,0.853999693319896,1.04281073906155,8,3,15,-12.5
0,1,4,3,5,4,35,6,2,87500,Control,21,20,1,4,4,5,4,1,0,1,0,1,1,0,1,0,0,0,6.92658341663687,-0.660331152492146,0.174669826244958,-0.100554120928827,0.853999693319896,-0.206999884532818,8,3,-1,-42.5
0,0,5,5,1,1,35,6,0,62500,Treatment 2a,45,50,1,5,5,4,5,1,0,1,0,1,0,1,0,0,1,0,-0.0734165833631315,0.973477884601824,1.13836541932059,1.04863583254347,-0.459845988710713,1.04281073906155,10,6,5,-12.5
0,0,5,5,2,2,25,3,0,37500,Treatment 2b,53,50,1,5,5,4,4,1,0,0,0,0,0,0,0,0,0,1,1.92658341663687,0.973477884601824,1.13836541932059,1.04863583254347,-0.459845988710713,-0.206999884532818,10,6,-3,-12.5
0,1,4,4,4,2,35,6,0,62500,Control,60,70,1,2,4,4,2,0,1,1,0,1,0,1,1,0,0,0,3.92658341663687,-0.11572814012749,-1.75272135990631,-0.100554120928827,-0.459845988710713,-2.70662113172156,6,1,10,7.5
0,1,1,5,4,7,35,3,0,37500,Treatment 1,70,0,0,5,5,4,5,0,1,0,0,0,0,1,0,1,0,0,8.92658341663687,-1.2049341648568,1.13836541932059,1.04863583254347,-0.459845988710713,1.04281073906155,10,6,-70,-62.5
1,1,5,4,1,2,25,6,1,62500,Treatment 2a,108,109,1,2,5,5,5,0,0,1,0,1,0,1,0,0,1,0,0.926583416636868,0.428874872237167,-1.75272135990631,1.04863583254347,0.853999693319896,1.04281073906155,7,2,1,46.5
1,1,5,4,6,2,35,6,1,87500,Control,115,99,1,4,5,5,4,0,0,1,0,1,0,1,1,0,0,0,5.92658341663687,0.428874872237167,0.174669826244958,1.04863583254347,0.853999693319896,-0.206999884532818,9,5,-16,36.5
1,0,4,4,5,3,35,5,1,62500,Treatment 2a,116,125,1,4,4,4,5,1,0,0,0,1,0,1,0,0,1,0,5.92658341663687,-0.11572814012749,0.174669826244958,-0.100554120928827,-0.459845988710713,1.04281073906155,8,3,9,62.5
1,1,4,4,6,3,35,6,1,37500,Treatment 2a,84,96,1,4,4,3,4,0,1,1,0,1,0,1,0,0,1,0,6.92658341663687,-0.11572814012749,0.174669826244958,-0.100554120928827,-1.77369167074132,-0.206999884532818,8,3,12,33.5
1,1,5,5,1,2,25,6,0,12500,Treatment 2a,50,60,1,5,5,5,5,1,0,1,0,0,0,0,0,0,1,0,0.926583416636868,0.973477884601824,1.13836541932059,1.04863583254347,0.853999693319896,1.04281073906155,10,6,10,-2.5
0,1,4,4,7,6,25,6,0,37500,Control,50,50,1,4,4,4,4,1,0,1,0,0,0,1,1,0,0,0,10.9265834166369,-0.11572814012749,0.174669826244958,-0.100554120928827,-0.459845988710713,-0.206999884532818,8,3,0,-12.5
0,1,1,2,4,6,25,3,0,37500,Control,125,125,1,4,5,5,5,1,1,0,0,0,0,1,1,0,0,0,7.92658341663687,-2.83874320195077,0.174669826244958,1.04863583254347,0.853999693319896,1.04281073906155,9,5,0,62.5
1,1,5,4,7,1,25,6,0,87500,Control,62,48,1,5,5,4,4,0,0,1,0,0,0,0,1,0,0,0,5.92658341663687,0.428874872237167,1.13836541932059,1.04863583254347,-0.459845988710713,-0.206999884532818,10,6,-14,-14.5
0,0,4,4,2,4,35,6,1,87500,Control,90,100,1,5,4,4,4,0,0,1,0,1,1,1,1,0,0,0,3.92658341663687,-0.11572814012749,1.13836541932059,-0.100554120928827,-0.459845988710713,-0.206999884532818,9,5,10,37.5
0,0,5,5,1,2,35,5,1,37500,Control,40,75,1,4,4,5,5,1,0,0,0,1,0,0,1,0,0,0,0.926583416636868,0.973477884601824,0.174669826244958,-0.100554120928827,0.853999693319896,1.04281073906155,8,3,35,12.5
1,1,5,4,1,7,25,6,0,37500,Treatment 1,66,84,1,4,4,4,5,1,0,1,0,1,0,0,0,1,0,0,5.92658341663687,0.428874872237167,0.174669826244958,-0.100554120928827,-0.459845988710713,1.04281073906155,8,3,18,21.5
0,0,5,2,2,3,25,6,0,12500,Control,31,36,1,5,5,5,5,0,1,1,0,0,0,1,1,0,0,0,2.92658341663687,-0.660331152492146,1.13836541932059,1.04863583254347,0.853999693319896,1.04281073906155,10,6,5,-26.5
0,0,4,3,6,5,45,6,2,150000,Control,20,44,1,5,5,5,5,1,1,1,0,1,1,1,1,0,0,0,8.92658341663687,-0.660331152492146,1.13836541932059,1.04863583254347,0.853999693319896,1.04281073906155,10,6,24,-18.5
1,1,5,4,1,7,35,6,1,37500,Treatment 2a,77,84,1,4,4,5,5,0,1,1,0,1,0,0,0,0,1,0,5.92658341663687,0.428874872237167,0.174669826244958,-0.100554120928827,0.853999693319896,1.04281073906155,8,3,7,21.5
1,1,3,3,5,5,35,4,0,12500,Treatment 1,10,0,0,4,4,4,4,0,0,0,0,0,1,0,0,1,0,0,7.92658341663687,-1.2049341648568,0.174669826244958,-0.100554120928827,-0.459845988710713,-0.206999884532818,8,3,-10,-62.5
1,0,5,5,1,1,25,6,0,37500,Treatment 2a,20,26,1,5,5,5,5,0,0,1,0,1,0,0,0,0,1,0,-0.0734165833631315,0.973477884601824,1.13836541932059,1.04863583254347,0.853999693319896,1.04281073906155,10,6,6,-36.5
0,0,4,4,7,6,35,7,0,87500,Treatment 2a,25,50,1,3,4,4,4,0,0,1,0,1,1,0,0,0,1,0,10.9265834166369,-0.11572814012749,-0.789025766830675,-0.100554120928827,-0.459845988710713,-0.206999884532818,7,2,25,-12.5
0,1,4,4,2,4,35,5,0,37500,Control,75,0,0,2,2,5,4,1,1,0,0,0,0,1,1,0,0,0,3.92658341663687,-0.11572814012749,-1.75272135990631,-2.39893402787342,0.853999693319896,-0.206999884532818,4,1,-75,-62.5
0,1,3,2,3,4,35,7,1,62500,Treatment 1,43,47,1,2,2,3,4,0,0,1,0,0,0,1,0,1,0,0,4.92658341663687,-1.74953717722146,-1.75272135990631,-2.39893402787342,-1.77369167074132,-0.206999884532818,4,1,4,-15.5
1,0,3,4,3,3,25,3,0,12500,Treatment 1,100,80,1,2,3,4,4,0,1,0,1,0,0,1,0,1,0,0,3.92658341663687,-0.660331152492146,-1.75272135990631,-1.24974407440113,-0.459845988710713,-0.206999884532818,5,1,-20,17.5
0,0,5,5,1,1,35,6,1,62500,Treatment 1,41,44,1,4,4,5,4,1,0,1,0,1,1,0,0,1,0,0,-0.0734165833631315,0.973477884601824,0.174669826244958,-0.100554120928827,0.853999693319896,-0.206999884532818,8,3,3,-18.5
0,0,5,5,3,1,25,3,0,12500,Treatment 2a,72,45,1,5,4,5,5,0,1,0,1,0,0,1,0,0,1,0,1.92658341663687,0.973477884601824,1.13836541932059,-0.100554120928827,0.853999693319896,1.04281073906155,9,5,-27,-17.5
0,1,4,4,4,4,55,6,1,87500,Control,120,120,1,3,4,4,4,0,0,1,0,1,0,0,1,0,0,0,5.92658341663687,-0.11572814012749,-0.789025766830675,-0.100554120928827,-0.459845988710713,-0.206999884532818,7,2,0,57.5
1,1,5,4,2,7,25,5,0,37500,Control,108,108,1,4,5,5,4,0,1,0,0,0,0,1,1,0,0,0,6.92658341663687,0.428874872237167,0.174669826244958,1.04863583254347,0.853999693319896,-0.206999884532818,9,5,0,45.5
0,1,5,5,2,3,35,6,0,12500,Control,50,50,1,5,5,5,5,1,1,1,0,1,0,1,1,0,0,0,2.92658341663687,0.973477884601824,1.13836541932059,1.04863583254347,0.853999693319896,1.04281073906155,10,6,0,-12.5
0,0,4,4,7,2,35,9,2,150000,Treatment 1,84,85,1,4,4,4,4,1,0,1,0,1,1,1,0,1,0,0,6.92658341663687,-0.11572814012749,0.174669826244958,-0.100554120928827,-0.459845988710713,-0.206999884532818,8,3,1,22.5
1,1,4,5,6,4,25,7,1,37500,Treatment 2a,110,125,1,4,3,5,4,0,0,1,0,1,0,1,0,0,1,0,7.92658341663687,0.428874872237167,0.174669826244958,-1.24974407440113,0.853999693319896,-0.206999884532818,7,2,15,62.5
1,1,3,2,5,3,45,6,1,62500,Treatment 2a,74,71,1,2,4,4,3,1,0,1,0,1,0,1,0,0,1,0,5.92658341663687,-1.74953717722146,-1.75272135990631,-0.100554120928827,-0.459845988710713,-1.45681050812719,6,1,-3,8.5
0,0,5,5,3,3,35,6,0,12500,Control,70,105,1,5,5,5,5,1,1,1,0,0,1,1,1,0,0,0,3.92658341663687,0.973477884601824,1.13836541932059,1.04863583254347,0.853999693319896,1.04281073906155,10,6,35,42.5
0,1,4,3,4,4,35,6,2,62500,Treatment 2b,30,36,1,3,5,5,2,0,0,1,0,1,0,1,0,0,0,1,5.92658341663687,-0.660331152492146,-0.789025766830675,1.04863583254347,0.853999693319896,-2.70662113172156,8,3,6,-26.5
0,0,4,4,2,3,35,8,0,37500,Treatment 1,70,0,0,3,3,4,4,0,0,1,0,0,0,0,0,1,0,0,2.92658341663687,-0.11572814012749,-0.789025766830675,-1.24974407440113,-0.459845988710713,-0.206999884532818,6,1,-70,-62.5
1,0,4,4,6,5,25,6,0,87500,Treatment 1,93,50,1,4,4,4,5,0,0,1,0,0,0,1,0,1,0,0,8.92658341663687,-0.11572814012749,0.174669826244958,-0.100554120928827,-0.459845988710713,1.04281073906155,8,3,-43,-12.5
0,0,4,2,1,2,25,6,0,87500,Control,52,61,1,3,3,4,4,0,1,1,0,0,0,1,1,0,0,0,0.926583416636868,-1.2049341648568,-0.789025766830675,-1.24974407440113,-0.459845988710713,-0.206999884532818,6,1,9,-1.5
1,1,2,4,1,2,35,6,1,37500,Control,59,64,1,3,1,4,4,0,0,1,0,1,0,1,1,0,0,0,0.926583416636868,-1.2049341648568,-0.789025766830675,-3.54812398134572,-0.459845988710713,-0.206999884532818,4,1,5,1.5
0,1,5,5,1,1,55,4,1,62500,Treatment 1,10,20,1,5,5,5,5,1,0,0,0,0,1,0,0,1,0,0,-0.0734165833631315,0.973477884601824,1.13836541932059,1.04863583254347,0.853999693319896,1.04281073906155,10,6,10,-42.5
0,0,5,5,3,4,35,7,0,150000,Control,50,50,1,3,4,5,5,1,0,1,0,1,0,1,1,0,0,0,4.92658341663687,0.973477884601824,-0.789025766830675,-0.100554120928827,0.853999693319896,1.04281073906155,7,2,0,-12.5
0,1,4,4,1,2,25,6,1,87500,Control,118,73,1,4,4,4,4,1,1,1,0,0,0,1,1,0,0,0,0.926583416636868,-0.11572814012749,0.174669826244958,-0.100554120928827,-0.459845988710713,-0.206999884532818,8,3,-45,10.5
0,0,5,5,2,2,25,6,0,62500,Treatment 1,62,0,0,4,3,5,4,1,1,1,0,0,0,1,0,1,0,0,1.92658341663687,0.973477884601824,0.174669826244958,-1.24974407440113,0.853999693319896,-0.206999884532818,7,2,-62,-62.5
1,1,5,5,2,2,35,4,0,37500,Treatment 1,50,60,1,4,4,5,4,0,1,0,0,1,0,1,0,1,0,0,1.92658341663687,0.973477884601824,0.174669826244958,-0.100554120928827,0.853999693319896,-0.206999884532818,8,3,10,-2.5
0,1,5,5,1,1,25,6,1,37500,Treatment 1,50,70,1,5,5,5,5,0,1,1,0,1,1,0,0,1,0,0,-0.0734165833631315,0.973477884601824,1.13836541932059,1.04863583254347,0.853999693319896,1.04281073906155,10,6,20,7.5
0,1,5,5,1,1,55,8,0,12500,Control,125,100,1,5,5,5,5,1,0,1,1,0,0,1,1,0,0,0,-0.0734165833631315,0.973477884601824,1.13836541932059,1.04863583254347,0.853999693319896,1.04281073906155,10,6,-25,37.5
0,0,3,3,6,6,65,3,1,87500,Treatment 1,10,0,0,4,5,5,5,1,0,0,0,1,1,1,0,1,0,0,9.92658341663687,-1.2049341648568,0.174669826244958,1.04863583254347,0.853999693319896,1.04281073906155,9,5,-10,-62.5
0,0,1,3,7,7,25,6,2,87500,Treatment 2a,50,80,1,3,5,4,5,1,1,1,0,1,1,1,0,0,1,0,11.9265834166369,-2.29414018958612,-0.789025766830675,1.04863583254347,-0.459845988710713,1.04281073906155,8,3,30,17.5
1,1,5,4,6,5,25,3,0,37500,Treatment 2b,40,50,1,4,4,4,4,1,1,0,0,0,0,0,0,0,0,1,8.92658341663687,0.428874872237167,0.174669826244958,-0.100554120928827,-0.459845988710713,-0.206999884532818,8,3,10,-12.5
0,1,3,4,5,4,55,7,2,150000,Treatment 2a,90,37,1,4,4,4,4,0,0,1,0,1,0,0,0,0,1,0,6.92658341663687,-0.660331152492146,0.174669826244958,-0.100554120928827,-0.459845988710713,-0.206999884532818,8,3,-53,-25.5
0,0,4,4,6,6,45,7,3,87500,Control,15,20,1,2,4,4,5,1,0,1,0,1,1,1,1,0,0,0,9.92658341663687,-0.11572814012749,-1.75272135990631,-0.100554120928827,-0.459845988710713,1.04281073906155,6,1,5,-42.5
1,1,5,5,3,3,55,4,1,12500,Treatment 2a,10,15,1,4,5,4,4,1,0,0,0,1,1,0,0,0,1,0,3.92658341663687,0.973477884601824,0.174669826244958,1.04863583254347,-0.459845988710713,-0.206999884532818,9,5,5,-47.5
1,1,4,3,4,4,35,6,0,62500,Treatment 2a,100,125,1,4,5,5,5,0,0,1,0,0,0,0,0,0,1,0,5.92658341663687,-0.660331152492146,0.174669826244958,1.04863583254347,0.853999693319896,1.04281073906155,9,5,25,62.5
0,1,4,5,1,1,25,3,0,37500,Treatment 2b,64,81,1,5,5,5,5,1,0,0,0,0,0,0,0,0,0,1,-0.0734165833631315,0.428874872237167,1.13836541932059,1.04863583254347,0.853999693319896,1.04281073906155,10,6,17,18.5
0,1,5,5,1,1,25,7,0,62500,Control,90,103,1,4,4,5,4,1,1,1,0,0,0,1,1,0,0,0,-0.0734165833631315,0.973477884601824,0.174669826244958,-0.100554120928827,0.853999693319896,-0.206999884532818,8,3,13,40.5
0,1,4,4,4,4,35,6,0,12500,Control,75,45,1,3,4,4,3,0,0,1,0,0,0,1,1,0,0,0,5.92658341663687,-0.11572814012749,-0.789025766830675,-0.100554120928827,-0.459845988710713,-1.45681050812719,7,2,-30,-17.5
0,1,5,5,4,4,25,5,0,12500,Control,75,65,1,2,4,4,5,0,0,0,0,0,0,1,1,0,0,0,5.92658341663687,0.973477884601824,-1.75272135990631,-0.100554120928827,-0.459845988710713,1.04281073906155,6,1,-10,2.5
0,0,5,5,6,5,25,6,1,87500,Control,50,50,1,4,4,5,5,1,0,1,0,1,0,1,1,0,0,0,8.92658341663687,0.973477884601824,0.174669826244958,-0.100554120928827,0.853999693319896,1.04281073906155,8,3,0,-12.5
0,0,1,4,2,5,45,4,1,12500,Control,75,75,1,5,5,5,5,1,0,0,0,0,1,0,1,0,0,0,4.92658341663687,-1.74953717722146,1.13836541932059,1.04863583254347,0.853999693319896,1.04281073906155,10,6,0,12.5
0,0,5,5,2,3,25,6,0,112500,Control,10,20,1,4,4,4,4,1,0,1,1,0,0,1,1,0,0,0,2.92658341663687,0.973477884601824,0.174669826244958,-0.100554120928827,-0.459845988710713,-0.206999884532818,8,3,10,-42.5
0,0,5,5,1,1,25,6,0,37500,Control,70,0,0,2,3,4,4,1,0,1,0,0,0,0,1,0,0,0,-0.0734165833631315,0.973477884601824,-1.75272135990631,-1.24974407440113,-0.459845988710713,-0.206999884532818,5,1,-70,-62.5
0,1,3,3,5,4,45,4,0,37500,Control,55,55,1,4,4,2,4,1,0,0,0,0,0,1,1,0,0,0,6.92658341663687,-1.2049341648568,0.174669826244958,-0.100554120928827,-3.08753735277193,-0.206999884532818,8,3,0,-7.5
0,0,5,4,4,4,55,5,4,150000,Control,61,62,1,4,4,4,5,1,0,0,0,1,1,0,1,0,0,0,5.92658341663687,0.428874872237167,0.174669826244958,-0.100554120928827,-0.459845988710713,1.04281073906155,8,3,1,-0.5
0,0,4,4,6,6,35,7,2,87500,Treatment 1,40,40,1,4,5,5,5,1,0,1,0,1,1,1,0,1,0,0,9.92658341663687,-0.11572814012749,0.174669826244958,1.04863583254347,0.853999693319896,1.04281073906155,9,5,0,-22.5
0,0,5,5,1,1,35,6,0,37500,Treatment 1,34,29,1,4,4,5,4,0,0,1,0,0,0,1,0,1,0,0,-0.0734165833631315,0.973477884601824,0.174669826244958,-0.100554120928827,0.853999693319896,-0.206999884532818,8,3,-5,-33.5
1,0,5,5,1,2,35,3,4,37500,Control,100,75,1,4,4,4,4,1,0,0,1,1,1,0,1,0,0,0,0.926583416636868,0.973477884601824,0.174669826244958,-0.100554120928827,-0.459845988710713,-0.206999884532818,8,3,-25,12.5
1,1,5,5,1,2,35,3,0,37500,Treatment 2b,35,15,1,4,4,4,4,0,0,0,0,0,1,1,0,0,0,1,0.926583416636868,0.973477884601824,0.174669826244958,-0.100554120928827,-0.459845988710713,-0.206999884532818,8,3,-20,-47.5
1,0,5,4,4,4,55,7,3,62500,Control,101,122,1,5,5,5,5,1,0,1,0,1,1,1,1,0,0,0,5.92658341663687,0.428874872237167,1.13836541932059,1.04863583254347,0.853999693319896,1.04281073906155,10,7,21,59.5
0,1,4,4,6,5,45,5,0,37500,Treatment 2a,75,0,0,2,4,4,2,0,0,0,0,0,0,0,0,0,1,0,8.92658341663687,-0.11572814012749,-1.75272135990631,-0.100554120928827,-0.459845988710713,-2.70662113172156,6,1,-75,-62.5
0,0,5,5,2,4,25,6,0,12500,Control,70,100,1,5,5,5,3,0,1,1,1,0,0,1,1,0,0,0,3.92658341663687,0.973477884601824,1.13836541932059,1.04863583254347,0.853999693319896,-1.45681050812719,10,7,30,37.5
0,1,2,4,7,6,25,3,0,87500,Control,24,40,1,4,5,5,5,1,0,0,1,1,1,0,1,0,0,0,10.9265834166369,-1.2049341648568,0.174669826244958,1.04863583254347,0.853999693319896,1.04281073906155,9,5,16,-22.5
0,0,5,5,1,2,25,5,0,87500,Treatment 2a,21,0,0,3,1,5,2,0,0,0,0,0,0,1,0,0,1,0,0.926583416636868,0.973477884601824,-0.789025766830675,-3.54812398134572,0.853999693319896,-2.70662113172156,4,1,-21,-62.5
0,0,5,5,1,1,35,7,0,37500,Treatment 1,48,69,1,5,4,4,4,0,0,1,0,0,0,0,0,1,0,0,-0.0734165833631315,0.973477884601824,1.13836541932059,-0.100554120928827,-0.459845988710713,-0.206999884532818,9,5,21,6.5
1,1,1,4,4,6,55,4,2,62500,Treatment 1,35,50,1,4,4,4,4,0,0,0,0,1,1,1,0,1,0,0,7.92658341663687,-1.74953717722146,0.174669826244958,-0.100554120928827,-0.459845988710713,-0.206999884532818,8,3,15,-12.5
0,0,5,4,7,7,35,3,0,37500,Treatment 2b,15,0,0,1,5,4,4,0,0,0,0,0,0,1,0,0,0,1,11.9265834166369,0.428874872237167,-2.71641695298194,1.04863583254347,-0.459845988710713,-0.206999884532818,6,1,-15,-62.5
0,0,5,4,4,3,15,3,0,87500,Treatment 2b,45,70,1,5,4,5,5,0,0,0,0,0,0,0,0,0,0,1,4.92658341663687,0.428874872237167,1.13836541932059,-0.100554120928827,0.853999693319896,1.04281073906155,9,5,25,7.5
0,0,2,3,1,1,25,6,0,87500,Treatment 2b,28,49,1,3,2,2,3,0,0,1,0,0,0,1,0,0,0,1,-0.0734165833631315,-1.74953717722146,-0.789025766830675,-2.39893402787342,-3.08753735277193,-1.45681050812719,5,1,21,-13.5
0,0,4,4,6,6,25,6,0,37500,Control,42,36,1,4,4,4,4,0,0,1,0,0,1,0,1,0,0,0,9.92658341663687,-0.11572814012749,0.174669826244958,-0.100554120928827,-0.459845988710713,-0.206999884532818,8,3,-6,-26.5
0,1,4,3,5,5,45,6,1,87500,Control,75,10,1,4,4,5,4,0,0,1,0,0,1,0,1,0,0,0,7.92658341663687,-0.660331152492146,0.174669826244958,-0.100554120928827,0.853999693319896,-0.206999884532818,8,3,-65,-52.5
1,1,4,4,1,6,55,6,1,37500,Treatment 2a,64,64,1,4,4,5,4,1,1,1,0,1,0,1,0,0,1,0,4.92658341663687,-0.11572814012749,0.174669826244958,-0.100554120928827,0.853999693319896,-0.206999884532818,8,3,0,1.5
0,1,4,4,6,5,25,6,0,62500,Treatment 2a,50,75,1,4,4,4,4,0,0,1,0,0,0,0,0,0,1,0,8.92658341663687,-0.11572814012749,0.174669826244958,-0.100554120928827,-0.459845988710713,-0.206999884532818,8,3,25,12.5
0,0,5,5,2,4,35,3,2,37500,Treatment 2b,30,50,1,5,5,5,5,0,0,0,0,1,1,0,0,0,0,1,3.92658341663687,0.973477884601824,1.13836541932059,1.04863583254347,0.853999693319896,1.04281073906155,10,7,20,-12.5
0,0,5,5,2,2,35,5,0,62500,Treatment 2a,30,20,1,5,4,4,4,0,0,0,0,0,1,1,0,0,1,0,1.92658341663687,0.973477884601824,1.13836541932059,-0.100554120928827,-0.459845988710713,-0.206999884532818,9,5,-10,-42.5
1,1,5,4,2,6,35,6,3,62500,Control,65,69,1,4,4,5,4,0,0,1,0,1,0,1,1,0,0,0,5.92658341663687,0.428874872237167,0.174669826244958,-0.100554120928827,0.853999693319896,-0.206999884532818,8,3,4,6.5
0,0,4,4,2,2,55,5,3,62500,Control,25,30,1,2,4,4,3,1,0,0,0,1,1,0,1,0,0,0,1.92658341663687,-0.11572814012749,-1.75272135990631,-0.100554120928827,-0.459845988710713,-1.45681050812719,6,1,5,-32.5
0,0,5,5,1,2,25,6,0,150000,Treatment 2a,50,40,1,4,4,5,5,0,0,1,0,0,0,1,0,0,1,0,0.926583416636868,0.973477884601824,0.174669826244958,-0.100554120928827,0.853999693319896,1.04281073906155,8,3,-10,-22.5
0,1,4,4,5,3,35,3,2,62500,Treatment 1,100,120,1,4,4,4,4,1,0,0,0,1,0,1,0,1,0,0,5.92658341663687,-0.11572814012749,0.174669826244958,-0.100554120928827,-0.459845988710713,-0.206999884532818,8,3,20,57.5
0,1,4,4,6,2,35,7,1,37500,Treatment 2a,71,64,1,3,4,4,3,0,1,1,0,1,0,1,0,0,1,0,5.92658341663687,-0.11572814012749,-0.789025766830675,-0.100554120928827,-0.459845988710713,-1.45681050812719,7,2,-7,1.5
1,1,4,4,7,4,25,6,0,37500,Treatment 2b,59,86,1,4,4,4,5,0,0,1,0,0,0,1,0,0,0,1,8.92658341663687,-0.11572814012749,0.174669826244958,-0.100554120928827,-0.459845988710713,1.04281073906155,8,3,27,23.5
0,1,5,5,2,3,25,6,0,62500,Treatment 2b,35,50,1,4,4,4,4,0,0,1,0,0,0,1,0,0,0,1,2.92658341663687,0.973477884601824,0.174669826244958,-0.100554120928827,-0.459845988710713,-0.206999884532818,8,3,15,-12.5
0,1,4,4,5,6,35,6,1,62500,Treatment 1,25,25,1,4,4,5,4,1,0,1,0,1,1,0,0,1,0,0,8.92658341663687,-0.11572814012749,0.174669826244958,-0.100554120928827,0.853999693319896,-0.206999884532818,8,3,0,-37.5
0,0,4,5,3,3,45,4,0,37500,Treatment 1,5,5,1,2,4,4,4,0,0,0,0,1,1,0,0,1,0,0,3.92658341663687,0.428874872237167,-1.75272135990631,-0.100554120928827,-0.459845988710713,-0.206999884532818,6,1,0,-57.5
1,1,4,4,7,6,25,7,1,37500,Treatment 2a,109,88,1,5,4,4,4,1,0,1,0,1,0,1,0,0,1,0,10.9265834166369,-0.11572814012749,1.13836541932059,-0.100554120928827,-0.459845988710713,-0.206999884532818,9,5,-21,25.5
1,1,3,3,6,6,35,7,2,12500,Treatment 2a,67,70,1,4,3,4,4,1,0,1,0,1,0,1,0,0,1,0,9.92658341663687,-1.2049341648568,0.174669826244958,-1.24974407440113,-0.459845988710713,-0.206999884532818,7,2,3,7.5
0,0,5,5,1,2,35,5,0,37500,Treatment 2a,90,125,1,4,5,4,4,0,1,0,0,0,1,0,0,0,1,0,0.926583416636868,0.973477884601824,0.174669826244958,1.04863583254347,-0.459845988710713,-0.206999884532818,9,5,35,62.5
0,0,4,4,3,2,35,7,2,87500,Control,45,60,1,2,3,4,4,0,0,1,0,1,1,0,1,0,0,0,2.92658341663687,-0.11572814012749,-1.75272135990631,-1.24974407440113,-0.459845988710713,-0.206999884532818,5,1,15,-2.5
0,0,1,1,7,7,65,3,0,62500,Treatment 2a,91,50,1,5,5,4,4,1,0,0,0,1,1,0,0,0,1,0,11.9265834166369,-3.38334621431543,1.13836541932059,1.04863583254347,-0.459845988710713,-0.206999884532818,10,7,-41,-12.5
0,0,2,2,7,6,25,3,0,37500,Treatment 1,20,50,1,5,5,5,5,0,0,0,0,0,0,1,0,1,0,0,10.9265834166369,-2.29414018958612,1.13836541932059,1.04863583254347,0.853999693319896,1.04281073906155,10,7,30,-12.5
1,0,2,3,4,5,55,4,1,37500,Treatment 1,40,30,1,3,4,5,4,0,0,0,0,1,1,0,0,1,0,0,6.92658341663687,-1.74953717722146,-0.789025766830675,-0.100554120928827,0.853999693319896,-0.206999884532818,7,2,-10,-32.5
0,0,5,5,7,7,25,6,0,62500,Control,100,0,0,1,5,5,1,0,0,1,0,0,1,0,1,0,0,0,11.9265834166369,0.973477884601824,-2.71641695298194,1.04863583254347,0.853999693319896,-3.95643175531593,6,1,-100,-62.5
0,0,4,4,4,4,45,3,1,37500,Treatment 2b,45,60,1,4,5,5,4,1,0,0,0,0,0,0,0,0,0,1,5.92658341663687,-0.11572814012749,0.174669826244958,1.04863583254347,0.853999693319896,-0.206999884532818,9,5,15,-2.5
1,0,4,4,2,4,25,7,1,87500,Treatment 2b,89,67,1,3,4,4,5,0,1,1,0,1,0,0,0,0,0,1,3.92658341663687,-0.11572814012749,-0.789025766830675,-0.100554120928827,-0.459845988710713,1.04281073906155,7,2,-22,4.5
1,1,5,4,6,5,45,7,1,37500,Treatment 2b,110,110,1,4,4,4,4,0,1,1,0,1,0,1,0,0,0,1,8.92658341663687,0.428874872237167,0.174669826244958,-0.100554120928827,-0.459845988710713,-0.206999884532818,8,3,0,47.5
1,1,3,3,1,1,25,6,0,87500,Control,63,64,1,3,3,3,3,0,1,1,0,0,1,1,1,0,0,0,-0.0734165833631315,-1.2049341648568,-0.789025766830675,-1.24974407440113,-1.77369167074132,-1.45681050812719,6,1,1,1.5
0,0,4,4,4,5,80,5,2,37500,Treatment 2a,90,106,1,4,4,5,5,1,0,0,0,1,1,1,0,0,1,0,6.92658341663687,-0.11572814012749,0.174669826244958,-0.100554120928827,0.853999693319896,1.04281073906155,8,3,16,43.5
0,0,5,5,6,6,35,6,0,37500,Treatment 1,110,0,0,2,2,4,3,0,0,1,0,0,0,1,0,1,0,0,9.92658341663687,0.973477884601824,-1.75272135990631,-2.39893402787342,-0.459845988710713,-1.45681050812719,4,1,-110,-62.5
1,1,4,5,4,4,25,7,0,12500,Treatment 2b,93,115,1,4,2,1,4,1,1,1,0,1,0,1,0,0,0,1,5.92658341663687,0.428874872237167,0.174669826244958,-2.39893402787342,-4.40138303480254,-0.206999884532818,6,1,22,52.5
0,1,2,2,4,4,45,5,0,12500,Treatment 1,100,0,0,2,3,4,4,0,0,0,0,0,0,1,0,1,0,0,5.92658341663687,-2.29414018958612,-1.75272135990631,-1.24974407440113,-0.459845988710713,-0.206999884532818,5,1,-100,-62.5
0,0,2,3,5,5,65,4,0,12500,Treatment 2a,24,36,1,2,4,4,4,0,0,0,0,0,0,0,0,0,1,0,7.92658341663687,-1.74953717722146,-1.75272135990631,-0.100554120928827,-0.459845988710713,-0.206999884532818,6,1,12,-26.5
0,0,4,4,4,4,45,6,0,37500,Treatment 1,29,50,1,4,4,4,4,0,0,1,0,0,0,1,0,1,0,0,5.92658341663687,-0.11572814012749,0.174669826244958,-0.100554120928827,-0.459845988710713,-0.206999884532818,8,3,21,-12.5
0,1,5,5,2,3,45,6,0,62500,Treatment 1,30,35,1,4,5,4,5,0,1,1,0,0,0,0,0,1,0,0,2.92658341663687,0.973477884601824,0.174669826244958,1.04863583254347,-0.459845988710713,1.04281073906155,9,5,5,-27.5
0,1,5,5,1,1,45,3,0,62500,Treatment 2a,125,125,1,5,5,4,4,0,1,0,0,0,0,1,0,0,1,0,-0.0734165833631315,0.973477884601824,1.13836541932059,1.04863583254347,-0.459845988710713,-0.206999884532818,10,7,0,62.5
1,1,5,4,7,6,25,6,0,37500,Treatment 2a,90,84,1,4,5,4,5,0,0,1,0,0,0,0,0,0,1,0,10.9265834166369,0.428874872237167,0.174669826244958,1.04863583254347,-0.459845988710713,1.04281073906155,9,5,-6,21.5
0,0,4,4,2,6,35,6,3,87500,Treatment 2a,78,64,1,3,4,4,4,0,0,1,0,1,0,1,0,0,1,0,5.92658341663687,-0.11572814012749,-0.789025766830675,-0.100554120928827,-0.459845988710713,-0.206999884532818,7,2,-14,1.5
0,0,5,5,1,1,25,6,0,37500,Treatment 2a,100,110,1,4,4,4,4,0,0,1,0,0,0,0,0,0,1,0,-0.0734165833631315,0.973477884601824,0.174669826244958,-0.100554120928827,-0.459845988710713,-0.206999884532818,8,4,10,47.5
0,1,5,5,1,1,35,6,0,87500,Treatment 2b,50,4,1,1,5,4,1,1,1,1,0,0,0,1,0,0,0,1,-0.0734165833631315,0.973477884601824,-2.71641695298194,1.04863583254347,-0.459845988710713,-3.95643175531593,6,1,-46,-58.5
0,1,5,5,4,1,25,3,0,37500,Treatment 2b,125,125,1,5,5,5,5,1,0,0,0,0,0,0,0,0,0,1,2.92658341663687,0.973477884601824,1.13836541932059,1.04863583254347,0.853999693319896,1.04281073906155,10,7,0,62.5
0,0,2,2,6,3,25,7,1,37500,Treatment 2a,58,0,0,3,2,2,2,0,0,1,0,0,0,1,0,0,1,0,6.92658341663687,-2.29414018958612,-0.789025766830675,-2.39893402787342,-3.08753735277193,-2.70662113172156,5,1,-58,-62.5
1,0,4,3,1,4,25,6,1,12500,Treatment 2a,96,101,1,4,4,5,4,0,0,1,0,1,0,0,0,0,1,0,2.92658341663687,-0.660331152492146,0.174669826244958,-0.100554120928827,0.853999693319896,-0.206999884532818,8,4,5,38.5
1,1,4,4,2,2,35,3,0,37500,Treatment 1,85,100,1,4,4,4,4,1,1,0,0,0,0,1,0,1,0,0,1.92658341663687,-0.11572814012749,0.174669826244958,-0.100554120928827,-0.459845988710713,-0.206999884532818,8,4,15,37.5
1,1,4,3,2,4,35,3,0,62500,Control,79,101,1,3,3,2,4,1,0,0,0,1,0,0,1,0,0,0,3.92658341663687,-0.660331152492146,-0.789025766830675,-1.24974407440113,-3.08753735277193,-0.206999884532818,6,2,22,38.5
0,0,5,5,1,2,25,6,0,12500,Treatment 2a,100,20,1,4,4,5,5,1,0,1,0,0,0,1,0,0,1,0,0.926583416636868,0.973477884601824,0.174669826244958,-0.100554120928827,0.853999693319896,1.04281073906155,8,4,-80,-42.5
0,1,3,4,4,4,35,3,1,62500,Control,50,30,1,4,3,4,4,0,0,0,0,1,0,1,1,0,0,0,5.92658341663687,-0.660331152492146,0.174669826244958,-1.24974407440113,-0.459845988710713,-0.206999884532818,7,2,-20,-32.5
0,0,4,4,4,4,45,3,0,37500,Treatment 1,12,18,1,3,4,4,4,0,0,0,0,0,0,1,0,1,0,0,5.92658341663687,-0.11572814012749,-0.789025766830675,-0.100554120928827,-0.459845988710713,-0.206999884532818,7,2,6,-44.5
0,0,4,4,6,5,55,6,1,62500,Control,60,60,1,5,5,5,5,0,1,1,0,1,1,1,1,0,0,0,8.92658341663687,-0.11572814012749,1.13836541932059,1.04863583254347,0.853999693319896,1.04281073906155,10,7,0,-2.5
0,0,5,4,2,4,65,3,2,62500,Treatment 1,60,60,1,4,5,5,5,1,0,0,0,0,1,1,0,1,0,0,3.92658341663687,0.428874872237167,0.174669826244958,1.04863583254347,0.853999693319896,1.04281073906155,9,5,0,-2.5
0,0,4,4,2,3,35,7,0,62500,Treatment 2a,80,100,1,4,4,5,5,0,0,1,0,0,0,0,0,0,1,0,2.92658341663687,-0.11572814012749,0.174669826244958,-0.100554120928827,0.853999693319896,1.04281073906155,8,4,20,37.5
1,1,4,4,4,4,25,4,0,37500,Treatment 1,70,50,1,4,4,4,3,0,0,0,0,0,0,0,0,1,0,0,5.92658341663687,-0.11572814012749,0.174669826244958,-0.100554120928827,-0.459845988710713,-1.45681050812719,8,4,-20,-12.5
0,1,4,3,4,3,25,6,0,62500,Control,100,100,1,4,5,5,4,0,1,1,0,0,0,0,1,0,0,0,4.92658341663687,-0.660331152492146,0.174669826244958,1.04863583254347,0.853999693319896,-0.206999884532818,9,5,0,37.5
0,0,4,4,2,2,25,3,0,12500,Treatment 1,30,50,1,4,4,5,4,0,1,0,0,0,0,1,0,1,0,0,1.92658341663687,-0.11572814012749,0.174669826244958,-0.100554120928827,0.853999693319896,-0.206999884532818,8,4,20,-12.5
0,1,1,1,7,7,35,3,1,87500,Treatment 2a,51,25,1,4,4,5,4,0,0,0,0,1,1,0,0,0,1,0,11.9265834166369,-3.38334621431543,0.174669826244958,-0.100554120928827,0.853999693319896,-0.206999884532818,8,4,-26,-37.5
0,0,5,5,1,2,25,6,0,150000,Treatment 2b,100,80,1,5,5,5,5,1,0,1,0,0,1,1,0,0,0,1,0.926583416636868,0.973477884601824,1.13836541932059,1.04863583254347,0.853999693319896,1.04281073906155,10,7,-20,17.5
0,1,3,4,7,6,25,6,0,87500,Treatment 2b,70,51,1,3,3,5,4,1,0,1,0,0,0,1,0,0,0,1,10.9265834166369,-0.660331152492146,-0.789025766830675,-1.24974407440113,0.853999693319896,-0.206999884532818,6,2,-19,-11.5
1,0,4,4,2,3,25,3,1,62500,Control,100,50,1,2,5,3,4,0,1,0,0,1,0,0,1,0,0,0,2.92658341663687,-0.11572814012749,-1.75272135990631,1.04863583254347,-1.77369167074132,-0.206999884532818,7,2,-50,-12.5
0,0,5,5,2,2,25,6,0,62500,Treatment 1,75,50,1,4,4,5,5,1,0,1,0,0,0,1,0,1,0,0,1.92658341663687,0.973477884601824,0.174669826244958,-0.100554120928827,0.853999693319896,1.04281073906155,8,4,-25,-12.5
0,1,4,4,6,5,45,3,0,62500,Treatment 2b,125,125,1,5,5,5,5,1,0,0,0,1,1,1,0,0,0,1,8.92658341663687,-0.11572814012749,1.13836541932059,1.04863583254347,0.853999693319896,1.04281073906155,10,7,0,62.5
0,1,4,4,6,5,55,6,0,12500,Treatment 2a,50,35,1,4,4,5,4,1,0,1,0,0,0,1,0,0,1,0,8.92658341663687,-0.11572814012749,0.174669826244958,-0.100554120928827,0.853999693319896,-0.206999884532818,8,4,-15,-27.5
0,0,1,1,5,7,35,6,0,12500,Treatment 2b,125,86,1,5,5,5,5,0,0,1,0,0,0,0,0,0,0,1,9.92658341663687,-3.38334621431543,1.13836541932059,1.04863583254347,0.853999693319896,1.04281073906155,10,7,-39,23.5
1,1,4,5,3,4,25,3,0,12500,Treatment 1,113,114,1,5,5,4,5,1,1,0,0,0,0,1,0,1,0,0,4.92658341663687,0.428874872237167,1.13836541932059,1.04863583254347,-0.459845988710713,1.04281073906155,10,7,1,51.5
0,0,5,5,2,3,25,4,0,37500,Treatment 2a,75,75,1,4,4,4,4,0,1,0,0,0,0,1,0,0,1,0,2.92658341663687,0.973477884601824,0.174669826244958,-0.100554120928827,-0.459845988710713,-0.206999884532818,8,4,0,12.5
1,1,3,4,4,6,25,7,1,37500,Control,116,98,1,4,4,4,4,1,1,1,0,0,0,0,1,0,0,0,7.92658341663687,-0.660331152492146,0.174669826244958,-0.100554120928827,-0.459845988710713,-0.206999884532818,8,4,-18,35.5
1,1,5,5,2,2,25,6,0,12500,Treatment 2a,20,25,1,5,4,5,5,0,0,1,0,0,1,1,0,0,1,0,1.92658341663687,0.973477884601824,1.13836541932059,-0.100554120928827,0.853999693319896,1.04281073906155,9,5,5,-37.5
0,0,4,4,4,4,55,3,0,62500,Treatment 1,125,50,1,3,3,5,5,0,1,0,0,0,0,0,0,1,0,0,5.92658341663687,-0.11572814012749,-0.789025766830675,-1.24974407440113,0.853999693319896,1.04281073906155,6,2,-75,-12.5
0,0,5,4,7,7,25,6,1,87500,Treatment 2b,60,70,1,4,3,5,4,1,1,1,0,1,0,0,0,0,0,1,11.9265834166369,0.428874872237167,0.174669826244958,-1.24974407440113,0.853999693319896,-0.206999884532818,7,2,10,7.5
0,0,5,5,3,3,35,5,1,12500,Treatment 2a,19,0,0,5,5,5,5,1,1,0,0,0,1,1,0,0,1,0,3.92658341663687,0.973477884601824,1.13836541932059,1.04863583254347,0.853999693319896,1.04281073906155,10,7,-19,-62.5
0,1,4,4,7,2,25,6,0,87500,Treatment 2b,79,99,1,4,4,4,4,1,1,1,0,0,0,0,0,0,0,1,6.92658341663687,-0.11572814012749,0.174669826244958,-0.100554120928827,-0.459845988710713,-0.206999884532818,8,4,20,36.5
1,1,4,4,7,6,25,6,0,62500,Treatment 1,77,93,1,4,4,3,4,1,1,1,0,0,1,0,0,1,0,0,10.9265834166369,-0.11572814012749,0.174669826244958,-0.100554120928827,-1.77369167074132,-0.206999884532818,8,4,16,30.5
0,0,5,4,6,6,35,3,0,87500,Treatment 2b,75,100,1,4,4,4,4,0,0,0,1,0,1,0,0,0,0,1,9.92658341663687,0.428874872237167,0.174669826244958,-0.100554120928827,-0.459845988710713,-0.206999884532818,8,4,25,37.5
1,1,5,5,2,4,35,6,1,87500,Control,45,0,0,5,4,5,4,1,0,1,0,1,1,1,1,0,0,0,3.92658341663687,0.973477884601824,1.13836541932059,-0.100554120928827,0.853999693319896,-0.206999884532818,9,5,-45,-62.5
0,0,3,3,4,4,65,4,0,37500,Treatment 2a,75,75,1,4,4,4,4,1,0,0,0,1,1,0,0,0,1,0,5.92658341663687,-1.2049341648568,0.174669826244958,-0.100554120928827,-0.459845988710713,-0.206999884532818,8,4,0,12.5
0,0,5,5,2,3,25,7,0,150000,Treatment 2a,50,75,1,5,5,5,5,1,0,1,0,0,0,1,0,0,1,0,2.92658341663687,0.973477884601824,1.13836541932059,1.04863583254347,0.853999693319896,1.04281073906155,10,7,25,12.5
0,0,5,5,4,1,25,3,0,62500,Control,6,5,1,5,4,5,5,0,1,0,0,0,1,0,1,0,0,0,2.92658341663687,0.973477884601824,1.13836541932059,-0.100554120928827,0.853999693319896,1.04281073906155,9,5,-1,-57.5
1,1,4,4,7,7,25,6,0,87500,Treatment 2b,70,89,1,1,4,4,4,1,1,1,0,0,0,0,0,0,0,1,11.9265834166369,-0.11572814012749,-2.71641695298194,-0.100554120928827,-0.459845988710713,-0.206999884532818,5,1,19,26.5
0,0,5,5,4,4,35,6,0,112500,Treatment 1,63,62,1,2,2,4,4,0,0,1,0,0,1,1,0,1,0,0,5.92658341663687,0.973477884601824,-1.75272135990631,-2.39893402787342,-0.459845988710713,-0.206999884532818,4,1,-1,-0.5
0,1,3,4,1,6,45,6,1,62500,Treatment 2a,52,100,1,5,4,4,5,1,0,1,0,1,0,1,0,0,1,0,4.92658341663687,-0.660331152492146,1.13836541932059,-0.100554120928827,-0.459845988710713,1.04281073906155,9,5,48,37.5
0,1,4,4,3,3,35,6,0,112500,Control,30,0,0,2,3,4,4,1,1,1,0,0,1,1,1,0,0,0,3.92658341663687,-0.11572814012749,-1.75272135990631,-1.24974407440113,-0.459845988710713,-0.206999884532818,5,1,-30,-62.5
1,1,4,4,7,7,35,6,0,12500,Treatment 2b,75,75,1,5,4,5,4,1,0,1,0,1,0,1,0,0,0,1,11.9265834166369,-0.11572814012749,1.13836541932059,-0.100554120928827,0.853999693319896,-0.206999884532818,9,6,0,12.5
0,1,5,5,1,2,25,5,0,37500,Treatment 1,5,0,0,2,5,5,5,0,1,0,0,0,0,1,0,1,0,0,0.926583416636868,0.973477884601824,-1.75272135990631,1.04863583254347,0.853999693319896,1.04281073906155,7,2,-5,-62.5
1,0,4,3,3,3,25,6,0,62500,Treatment 2a,40,100,1,3,4,5,4,0,0,1,0,0,0,1,0,0,1,0,3.92658341663687,-0.660331152492146,-0.789025766830675,-0.100554120928827,0.853999693319896,-0.206999884532818,7,2,60,37.5
0,0,5,5,2,2,35,6,1,150000,Control,15,19,1,5,5,5,4,1,1,1,0,1,0,1,1,0,0,0,1.92658341663687,0.973477884601824,1.13836541932059,1.04863583254347,0.853999693319896,-0.206999884532818,10,7,4,-43.5
1,0,5,5,2,1,45,7,1,62500,Control,70,90,1,4,4,4,3,0,0,1,0,0,0,0,1,0,0,0,0.926583416636868,0.973477884601824,0.174669826244958,-0.100554120928827,-0.459845988710713,-1.45681050812719,8,4,20,27.5
0,0,5,5,2,3,65,4,0,12500,Control,80,99,1,2,4,4,4,0,1,0,0,0,0,1,1,0,0,0,2.92658341663687,0.973477884601824,-1.75272135990631,-0.100554120928827,-0.459845988710713,-0.206999884532818,6,2,19,36.5
0,0,4,4,2,2,25,6,0,37500,Control,50,77,1,4,5,5,5,1,1,1,0,0,0,1,1,0,0,0,1.92658341663687,-0.11572814012749,0.174669826244958,1.04863583254347,0.853999693319896,1.04281073906155,9,6,27,14.5
0,1,5,5,1,1,25,3,0,87500,Treatment 1,85,50,1,4,4,5,4,0,1,0,0,0,0,0,0,1,0,0,-0.0734165833631315,0.973477884601824,0.174669826244958,-0.100554120928827,0.853999693319896,-0.206999884532818,8,4,-35,-12.5
0,0,4,4,2,3,55,7,2,87500,Treatment 1,15,0,0,2,2,4,4,0,0,1,0,1,0,1,0,1,0,0,2.92658341663687,-0.11572814012749,-1.75272135990631,-2.39893402787342,-0.459845988710713,-0.206999884532818,4,1,-15,-62.5
0,0,2,1,2,3,45,6,0,62500,Control,54,45,1,2,2,2,2,1,0,1,0,0,0,1,1,0,0,0,2.92658341663687,-2.83874320195077,-1.75272135990631,-2.39893402787342,-3.08753735277193,-2.70662113172156,4,1,-9,-17.5
0,0,4,4,4,4,35,4,3,62500,Treatment 2b,23,51,1,2,2,4,4,0,1,0,0,1,1,0,0,0,0,1,5.92658341663687,-0.11572814012749,-1.75272135990631,-2.39893402787342,-0.459845988710713,-0.206999884532818,4,1,28,-11.5
0,1,4,4,6,5,80,9,0,62500,Treatment 1,10,5,1,4,3,4,4,1,0,1,0,0,1,1,0,1,0,0,8.92658341663687,-0.11572814012749,0.174669826244958,-1.24974407440113,-0.459845988710713,-0.206999884532818,7,2,-5,-57.5
1,1,5,5,2,2,25,3,0,12500,Treatment 2b,50,100,1,5,5,5,4,0,0,0,0,0,0,1,0,0,0,1,1.92658341663687,0.973477884601824,1.13836541932059,1.04863583254347,0.853999693319896,-0.206999884532818,10,7,50,37.5
0,1,1,1,7,7,35,7,2,37500,Treatment 2a,50,50,1,5,5,5,5,1,0,1,0,0,1,1,0,0,1,0,11.9265834166369,-3.38334621431543,1.13836541932059,1.04863583254347,0.853999693319896,1.04281073906155,10,7,0,-12.5
0,1,5,5,2,3,25,5,0,62500,Treatment 2a,61,69,1,4,5,5,5,0,1,0,0,0,0,1,0,0,1,0,2.92658341663687,0.973477884601824,0.174669826244958,1.04863583254347,0.853999693319896,1.04281073906155,9,6,8,6.5
0,0,4,4,1,1,45,5,3,87500,Treatment 2a,115,115,1,5,5,5,5,0,0,0,0,1,1,0,0,0,1,0,-0.0734165833631315,-0.11572814012749,1.13836541932059,1.04863583254347,0.853999693319896,1.04281073906155,10,7,0,52.5
1,0,3,4,4,2,25,6,2,12500,Treatment 1,94,80,1,4,3,4,4,0,0,1,0,1,0,1,0,1,0,0,3.92658341663687,-0.660331152492146,0.174669826244958,-1.24974407440113,-0.459845988710713,-0.206999884532818,7,2,-14,17.5
1,1,5,4,2,3,35,5,0,12500,Control,70,0,0,4,4,5,4,0,0,0,0,0,0,1,1,0,0,0,2.92658341663687,0.428874872237167,0.174669826244958,-0.100554120928827,0.853999693319896,-0.206999884532818,8,4,-70,-62.5
1,1,5,5,1,2,35,8,1,87500,Treatment 1,25,25,1,5,5,5,5,0,0,1,0,1,0,1,0,1,0,0,0.926583416636868,0.973477884601824,1.13836541932059,1.04863583254347,0.853999693319896,1.04281073906155,10,7,0,-37.5
0,0,5,5,1,3,35,6,1,87500,Treatment 2b,60,80,1,4,5,5,5,1,0,1,0,1,1,1,0,0,0,1,1.92658341663687,0.973477884601824,0.174669826244958,1.04863583254347,0.853999693319896,1.04281073906155,9,6,20,17.5
0,0,3,3,7,7,45,6,2,87500,Control,60,60,1,4,4,5,4,1,0,1,0,1,1,1,1,0,0,0,11.9265834166369,-1.2049341648568,0.174669826244958,-0.100554120928827,0.853999693319896,-0.206999884532818,8,4,0,-2.5
0,0,5,5,1,2,25,5,0,112500,Control,70,102,1,4,5,4,5,0,1,0,0,0,0,1,1,0,0,0,0.926583416636868,0.973477884601824,0.174669826244958,1.04863583254347,-0.459845988710713,1.04281073906155,9,6,32,39.5
0,0,5,5,6,5,35,6,0,37500,Treatment 2a,30,0,0,2,4,4,3,0,0,1,0,1,0,1,0,0,1,0,8.92658341663687,0.973477884601824,-1.75272135990631,-0.100554120928827,-0.459845988710713,-1.45681050812719,6,2,-30,-62.5
1,1,4,5,1,6,25,3,1,37500,Treatment 1,111,115,1,5,4,5,4,1,0,0,0,1,1,1,0,1,0,0,4.92658341663687,0.428874872237167,1.13836541932059,-0.100554120928827,0.853999693319896,-0.206999884532818,9,6,4,52.5
0,0,4,4,4,3,35,3,0,37500,Treatment 1,100,0,0,3,3,4,3,0,1,0,0,0,1,1,0,1,0,0,4.92658341663687,-0.11572814012749,-0.789025766830675,-1.24974407440113,-0.459845988710713,-1.45681050812719,6,2,-100,-62.5
1,1,4,4,1,2,65,6,1,62500,Treatment 2b,55,65,1,4,4,4,4,0,0,1,0,1,1,1,0,0,0,1,0.926583416636868,-0.11572814012749,0.174669826244958,-0.100554120928827,-0.459845988710713,-0.206999884532818,8,4,10,2.5
0,0,5,5,3,3,35,3,2,62500,Treatment 1,62,80,1,5,5,5,5,0,0,0,0,0,1,0,0,1,0,0,3.92658341663687,0.973477884601824,1.13836541932059,1.04863583254347,0.853999693319896,1.04281073906155,10,7,18,17.5
1,1,2,4,7,6,35,6,2,37500,Treatment 1,40,40,1,5,5,5,4,1,0,1,0,0,1,1,0,1,0,0,10.9265834166369,-1.2049341648568,1.13836541932059,1.04863583254347,0.853999693319896,-0.206999884532818,10,7,0,-22.5
0,0,1,1,4,5,80,3,1,12500,Treatment 2b,92,72,1,5,5,5,5,1,0,0,0,1,0,0,0,0,0,1,6.92658341663687,-3.38334621431543,1.13836541932059,1.04863583254347,0.853999693319896,1.04281073906155,10,7,-20,9.5
1,1,4,4,6,4,35,6,2,62500,Treatment 2a,31,45,1,4,4,4,4,0,0,1,0,1,0,0,0,0,1,0,7.92658341663687,-0.11572814012749,0.174669826244958,-0.100554120928827,-0.459845988710713,-0.206999884532818,8,4,14,-17.5
0,0,3,3,6,6,25,6,0,37500,Treatment 1,60,60,1,2,4,1,4,1,0,1,0,0,0,0,0,1,0,0,9.92658341663687,-1.2049341648568,-1.75272135990631,-0.100554120928827,-4.40138303480254,-0.206999884532818,6,2,0,-2.5
0,0,4,4,4,4,35,6,0,37500,Control,56,58,1,4,4,4,4,0,0,1,0,0,0,1,1,0,0,0,5.92658341663687,-0.11572814012749,0.174669826244958,-0.100554120928827,-0.459845988710713,-0.206999884532818,8,4,2,-4.5
1,1,1,1,6,6,35,8,2,150000,Treatment 1,50,50,1,5,5,5,5,1,0,1,0,1,1,1,0,1,0,0,9.92658341663687,-3.38334621431543,1.13836541932059,1.04863583254347,0.853999693319896,1.04281073906155,10,7,0,-12.5
0,0,3,4,3,4,25,6,1,37500,Treatment 2a,65,70,1,3,4,3,4,1,1,1,0,1,0,1,0,0,1,0,4.92658341663687,-0.660331152492146,-0.789025766830675,-0.100554120928827,-1.77369167074132,-0.206999884532818,7,2,5,7.5
1,1,4,5,1,6,25,6,1,62500,Treatment 1,84,75,1,5,4,4,3,0,0,1,0,1,0,1,0,1,0,0,4.92658341663687,0.428874872237167,1.13836541932059,-0.100554120928827,-0.459845988710713,-1.45681050812719,9,6,-9,12.5
0,0,5,4,2,2,35,6,0,62500,Control,25,50,1,1,3,5,4,0,1,1,0,0,0,1,1,0,0,0,1.92658341663687,0.428874872237167,-2.71641695298194,-1.24974407440113,0.853999693319896,-0.206999884532818,4,1,25,-12.5
0,0,5,5,1,1,35,7,0,12500,Treatment 2b,40,35,1,5,4,5,5,0,0,1,0,0,0,0,0,0,0,1,-0.0734165833631315,0.973477884601824,1.13836541932059,-0.100554120928827,0.853999693319896,1.04281073906155,9,6,-5,-27.5
0,1,3,4,7,4,55,6,2,87500,Control,101,101,1,3,4,4,3,1,0,1,0,1,0,1,1,0,0,0,8.92658341663687,-0.660331152492146,-0.789025766830675,-0.100554120928827,-0.459845988710713,-1.45681050812719,7,2,0,38.5
1,0,5,5,6,4,55,6,0,112500,Treatment 2b,60,70,1,5,5,5,5,0,0,1,0,0,1,1,0,0,0,1,7.92658341663687,0.973477884601824,1.13836541932059,1.04863583254347,0.853999693319896,1.04281073906155,10,7,10,7.5
0,1,5,4,2,4,45,6,2,12500,Control,9,5,1,4,4,4,5,0,0,1,0,1,0,0,1,0,0,0,3.92658341663687,0.428874872237167,0.174669826244958,-0.100554120928827,-0.459845988710713,1.04281073906155,8,4,-4,-57.5
1,0,4,4,7,3,35,7,1,37500,Treatment 1,66,66,1,5,3,3,4,0,1,1,0,1,0,1,0,1,0,0,7.92658341663687,-0.11572814012749,1.13836541932059,-1.24974407440113,-1.77369167074132,-0.206999884532818,8,4,0,3.5
0,0,4,4,7,2,25,6,0,87500,Treatment 2b,79,82,1,4,4,4,4,1,1,1,0,0,0,0,0,0,0,1,6.92658341663687,-0.11572814012749,0.174669826244958,-0.100554120928827,-0.459845988710713,-0.206999884532818,8,4,3,19.5
0,0,5,5,5,5,35,3,0,12500,Treatment 2a,125,0,0,4,3,4,3,0,0,0,0,0,1,0,0,0,1,0,7.92658341663687,0.973477884601824,0.174669826244958,-1.24974407440113,-0.459845988710713,-1.45681050812719,7,2,-125,-62.5
0,0,5,5,1,1,45,4,0,12500,Treatment 2a,100,100,1,4,4,5,5,1,1,0,0,1,0,1,0,0,1,0,-0.0734165833631315,0.973477884601824,0.174669826244958,-0.100554120928827,0.853999693319896,1.04281073906155,8,4,0,37.5
1,1,4,4,6,6,25,6,1,62500,Treatment 2b,80,95,1,4,4,4,4,0,0,1,0,1,0,1,0,0,0,1,9.92658341663687,-0.11572814012749,0.174669826244958,-0.100554120928827,-0.459845988710713,-0.206999884532818,8,4,15,32.5
0,1,3,3,5,5,35,6,0,37500,Treatment 2b,20,70,1,5,4,4,4,1,1,1,0,0,0,1,0,0,0,1,7.92658341663687,-1.2049341648568,1.13836541932059,-0.100554120928827,-0.459845988710713,-0.206999884532818,9,6,50,7.5
0,0,4,4,6,5,45,6,1,150000,Treatment 2b,80,95,1,5,5,5,5,0,0,1,0,1,1,0,0,0,0,1,8.92658341663687,-0.11572814012749,1.13836541932059,1.04863583254347,0.853999693319896,1.04281073906155,10,7,15,32.5
0,0,4,4,1,2,45,7,2,87500,Treatment 2b,71,100,1,4,5,5,5,0,0,1,0,1,1,1,0,0,0,1,0.926583416636868,-0.11572814012749,0.174669826244958,1.04863583254347,0.853999693319896,1.04281073906155,9,6,29,37.5
0,1,5,5,1,2,25,3,0,37500,Treatment 1,50,100,1,4,5,5,5,0,1,0,0,0,0,1,0,1,0,0,0.926583416636868,0.973477884601824,0.174669826244958,1.04863583254347,0.853999693319896,1.04281073906155,9,6,50,37.5
0,0,4,4,4,4,25,3,0,62500,Treatment 1,100,0,0,2,4,4,4,0,0,0,0,1,1,0,0,1,0,0,5.92658341663687,-0.11572814012749,-1.75272135990631,-0.100554120928827,-0.459845988710713,-0.206999884532818,6,2,-100,-62.5
0,0,4,4,7,7,25,6,2,87500,Treatment 2a,65,60,1,4,4,5,3,1,1,1,0,1,0,0,0,0,1,0,11.9265834166369,-0.11572814012749,0.174669826244958,-0.100554120928827,0.853999693319896,-1.45681050812719,8,4,-5,-2.5
0,1,5,5,1,2,45,6,2,62500,Treatment 2b,75,75,1,4,5,4,4,0,0,1,0,1,1,0,0,0,0,1,0.926583416636868,0.973477884601824,0.174669826244958,1.04863583254347,-0.459845988710713,-0.206999884532818,9,6,0,12.5
0,1,5,5,1,2,35,6,0,112500,Control,74,72,1,5,5,5,5,1,1,1,0,0,0,1,1,0,0,0,0.926583416636868,0.973477884601824,1.13836541932059,1.04863583254347,0.853999693319896,1.04281073906155,10,7,-2,9.5
0,1,4,3,6,6,25,7,0,62500,Treatment 2b,105,110,1,2,4,5,4,1,0,1,0,1,0,1,0,0,0,1,9.92658341663687,-0.660331152492146,-1.75272135990631,-0.100554120928827,0.853999693319896,-0.206999884532818,6,2,5,47.5
0,1,5,4,3,3,35,3,0,37500,Treatment 2a,27,47,1,4,4,4,4,0,0,0,0,0,0,1,0,0,1,0,3.92658341663687,0.428874872237167,0.174669826244958,-0.100554120928827,-0.459845988710713,-0.206999884532818,8,4,20,-15.5
0,1,2,4,1,4,45,4,4,112500,Control,80,125,1,4,5,5,4,0,1,0,0,1,1,1,1,0,0,0,2.92658341663687,-1.2049341648568,0.174669826244958,1.04863583254347,0.853999693319896,-0.206999884532818,9,6,45,62.5
0,1,5,5,4,3,35,6,0,37500,Control,100,0,0,5,5,5,5,0,1,1,0,0,1,1,1,0,0,0,4.92658341663687,0.973477884601824,1.13836541932059,1.04863583254347,0.853999693319896,1.04281073906155,10,7,-100,-62.5
1,1,4,5,7,1,25,6,1,62500,Treatment 2b,75,100,1,3,4,4,5,1,0,1,0,1,1,0,0,0,0,1,5.92658341663687,0.428874872237167,-0.789025766830675,-0.100554120928827,-0.459845988710713,1.04281073906155,7,2,25,37.5
0,0,3,3,6,4,35,3,1,112500,Treatment 1,51,0,0,4,4,5,4,0,1,0,0,1,1,0,0,1,0,0,7.92658341663687,-1.2049341648568,0.174669826244958,-0.100554120928827,0.853999693319896,-0.206999884532818,8,4,-51,-62.5
1,0,4,3,4,5,25,6,2,62500,Treatment 2a,60,102,1,2,3,4,2,0,0,1,0,1,0,1,0,0,1,0,6.92658341663687,-0.660331152492146,-1.75272135990631,-1.24974407440113,-0.459845988710713,-2.70662113172156,5,1,42,39.5
0,0,1,1,7,6,65,6,2,37500,Treatment 1,50,0,0,2,2,4,4,1,0,1,0,1,1,1,0,1,0,0,10.9265834166369,-3.38334621431543,-1.75272135990631,-2.39893402787342,-0.459845988710713,-0.206999884532818,4,1,-50,-62.5
0,1,1,1,7,6,35,6,2,62500,Treatment 1,30,50,1,4,4,5,4,1,0,1,1,1,1,0,0,1,0,0,10.9265834166369,-3.38334621431543,0.174669826244958,-0.100554120928827,0.853999693319896,-0.206999884532818,8,4,20,-12.5
0,0,4,4,3,3,35,3,0,12500,Treatment 2b,75,100,1,5,4,4,3,0,1,0,0,0,1,1,0,0,0,1,3.92658341663687,-0.11572814012749,1.13836541932059,-0.100554120928827,-0.459845988710713,-1.45681050812719,9,6,25,37.5
1,1,4,4,7,6,25,9,1,112500,Treatment 1,6,6,1,4,4,2,3,0,0,1,0,1,0,1,0,1,0,0,10.9265834166369,-0.11572814012749,0.174669826244958,-0.100554120928827,-3.08753735277193,-1.45681050812719,8,4,0,-56.5
0,1,4,5,2,2,35,3,0,37500,Treatment 2b,70,80,1,4,4,4,5,1,1,0,0,0,0,1,0,0,0,1,1.92658341663687,0.428874872237167,0.174669826244958,-0.100554120928827,-0.459845988710713,1.04281073906155,8,4,10,17.5
0,1,5,5,4,1,35,6,0,37500,Treatment 1,45,50,1,3,4,4,3,0,0,1,0,0,0,1,0,1,0,0,2.92658341663687,0.973477884601824,-0.789025766830675,-0.100554120928827,-0.459845988710713,-1.45681050812719,7,2,5,-12.5
1,1,4,3,3,4,25,6,0,112500,Treatment 2a,75,80,1,5,5,5,5,0,0,1,0,1,0,1,0,0,1,0,4.92658341663687,-0.660331152492146,1.13836541932059,1.04863583254347,0.853999693319896,1.04281073906155,10,7,5,17.5
0,0,4,4,2,2,35,6,1,62500,Treatment 1,10,5,1,4,4,4,4,0,1,1,0,1,0,0,0,1,0,0,1.92658341663687,-0.11572814012749,0.174669826244958,-0.100554120928827,-0.459845988710713,-0.206999884532818,8,4,-5,-57.5
0,0,2,4,6,6,35,6,2,112500,Control,16,25,1,4,4,5,5,0,0,1,0,1,1,0,1,0,0,0,9.92658341663687,-1.2049341648568,0.174669826244958,-0.100554120928827,0.853999693319896,1.04281073906155,8,4,9,-37.5
0,0,5,5,4,3,35,5,2,62500,Control,71,102,1,5,5,5,5,1,1,0,0,1,1,0,1,0,0,0,4.92658341663687,0.973477884601824,1.13836541932059,1.04863583254347,0.853999693319896,1.04281073906155,10,7,31,39.5
0,0,4,4,7,6,25,6,0,37500,Treatment 2b,66,78,1,3,4,4,4,1,1,1,0,0,1,0,0,0,0,1,10.9265834166369,-0.11572814012749,-0.789025766830675,-0.100554120928827,-0.459845988710713,-0.206999884532818,7,2,12,15.5
0,0,5,4,2,2,35,6,0,62500,Treatment 2a,25,30,1,4,5,4,4,0,0,1,0,0,0,1,0,0,1,0,1.92658341663687,0.428874872237167,0.174669826244958,1.04863583254347,-0.459845988710713,-0.206999884532818,9,6,5,-32.5
0,1,5,4,2,3,35,6,3,37500,Control,100,0,0,2,1,4,3,0,1,1,0,0,1,1,1,0,0,0,2.92658341663687,0.428874872237167,-1.75272135990631,-3.54812398134572,-0.459845988710713,-1.45681050812719,3,1,-100,-62.5
0,0,3,4,5,2,35,5,3,12500,Treatment 2a,16,26,1,5,3,5,2,1,0,0,0,0,0,1,0,0,1,0,4.92658341663687,-0.660331152492146,1.13836541932059,-1.24974407440113,0.853999693319896,-2.70662113172156,8,4,10,-36.5
0,0,5,5,3,3,25,6,0,62500,Treatment 2a,25,25,1,4,4,4,4,0,0,1,0,0,0,1,0,0,1,0,3.92658341663687,0.973477884601824,0.174669826244958,-0.100554120928827,-0.459845988710713,-0.206999884532818,8,4,0,-37.5
0,0,3,2,7,6,55,6,2,12500,Treatment 2a,20,5,1,4,4,5,5,1,0,1,0,0,1,1,0,0,1,0,10.9265834166369,-1.74953717722146,0.174669826244958,-0.100554120928827,0.853999693319896,1.04281073906155,8,4,-15,-57.5
0,0,5,4,3,5,65,6,2,37500,Treatment 1,63,80,1,4,4,4,4,1,1,1,0,1,0,1,0,1,0,0,5.92658341663687,0.428874872237167,0.174669826244958,-0.100554120928827,-0.459845988710713,-0.206999884532818,8,4,17,17.5
0,0,4,4,5,4,45,3,1,37500,Treatment 2a,50,29,1,4,4,4,4,0,0,0,0,1,1,1,0,0,1,0,6.92658341663687,-0.11572814012749,0.174669826244958,-0.100554120928827,-0.459845988710713,-0.206999884532818,8,4,-21,-33.5
0,0,4,5,3,3,25,6,0,62500,Treatment 2a,110,120,1,5,5,5,5,1,1,1,0,0,1,1,0,0,1,0,3.92658341663687,0.428874872237167,1.13836541932059,1.04863583254347,0.853999693319896,1.04281073906155,10,7,10,57.5
0,0,5,4,2,2,25,3,0,62500,Treatment 1,50,50,1,4,4,3,3,0,0,0,0,0,0,0,0,1,0,0,1.92658341663687,0.428874872237167,0.174669826244958,-0.100554120928827,-1.77369167074132,-1.45681050812719,8,4,0,-12.5
1,1,1,5,2,1,25,6,3,12500,Treatment 1,27,32,1,4,3,4,4,0,0,1,0,0,0,1,0,1,0,0,0.926583416636868,-1.2049341648568,0.174669826244958,-1.24974407440113,-0.459845988710713,-0.206999884532818,7,2,5,-30.5
0,0,5,5,2,4,35,6,0,62500,Treatment 2b,49,101,1,2,5,5,4,0,1,1,0,0,0,1,0,0,0,1,3.92658341663687,0.973477884601824,-1.75272135990631,1.04863583254347,0.853999693319896,-0.206999884532818,7,2,52,38.5
0,1,5,5,1,2,35,5,0,12500,Treatment 1,75,90,1,3,4,4,5,0,0,0,0,0,1,1,0,1,0,0,0.926583416636868,0.973477884601824,-0.789025766830675,-0.100554120928827,-0.459845988710713,1.04281073906155,7,3,15,27.5
0,0,5,5,4,4,35,3,0,12500,Control,100,100,1,5,4,5,5,0,0,0,0,0,0,0,1,0,0,0,5.92658341663687,0.973477884601824,1.13836541932059,-0.100554120928827,0.853999693319896,1.04281073906155,9,6,0,37.5
0,0,4,4,2,3,35,4,1,150000,Treatment 2b,51,86,1,4,4,4,4,1,0,0,0,1,1,1,0,0,0,1,2.92658341663687,-0.11572814012749,0.174669826244958,-0.100554120928827,-0.459845988710713,-0.206999884532818,8,4,35,23.5
0,0,5,5,2,2,55,3,1,62500,Control,21,35,1,3,3,4,4,0,0,0,0,1,1,0,1,0,0,0,1.92658341663687,0.973477884601824,-0.789025766830675,-1.24974407440113,-0.459845988710713,-0.206999884532818,6,2,14,-27.5
0,0,4,4,4,4,25,3,0,62500,Treatment 2b,75,80,1,4,4,5,4,0,0,0,0,0,0,0,0,0,0,1,5.92658341663687,-0.11572814012749,0.174669826244958,-0.100554120928827,0.853999693319896,-0.206999884532818,8,4,5,17.5
0,0,5,5,2,3,25,6,1,62500,Treatment 1,110,125,1,2,3,5,5,1,0,1,0,1,1,0,0,1,0,0,2.92658341663687,0.973477884601824,-1.75272135990631,-1.24974407440113,0.853999693319896,1.04281073906155,5,1,15,62.5
1,0,4,3,7,4,35,6,0,12500,Treatment 1,44,62,1,3,5,4,2,0,0,1,0,0,0,1,0,1,0,0,8.92658341663687,-0.660331152492146,-0.789025766830675,1.04863583254347,-0.459845988710713,-2.70662113172156,8,4,18,-0.5
0,0,4,4,1,6,45,3,1,37500,Treatment 2b,40,40,1,4,4,4,4,0,0,0,0,1,0,0,0,0,0,1,4.92658341663687,-0.11572814012749,0.174669826244958,-0.100554120928827,-0.459845988710713,-0.206999884532818,8,4,0,-22.5
1,0,4,4,5,4,25,6,0,87500,Treatment 2b,88,78,1,4,4,4,3,1,1,1,0,0,0,0,0,0,0,1,6.92658341663687,-0.11572814012749,0.174669826244958,-0.100554120928827,-0.459845988710713,-1.45681050812719,8,5,-10,15.5
0,0,5,5,1,1,55,8,0,37500,Control,20,25,1,4,4,4,5,1,1,1,0,0,0,1,1,0,0,0,-0.0734165833631315,0.973477884601824,0.174669826244958,-0.100554120928827,-0.459845988710713,1.04281073906155,8,5,5,-37.5
0,1,5,5,2,2,25,3,0,62500,Control,95,50,1,2,3,5,5,1,1,0,0,0,0,1,1,0,0,0,1.92658341663687,0.973477884601824,-1.75272135990631,-1.24974407440113,0.853999693319896,1.04281073906155,5,1,-45,-12.5
0,0,5,5,6,5,35,6,0,62500,Treatment 2a,20,25,1,4,5,5,5,0,0,1,0,0,0,1,0,0,1,0,8.92658341663687,0.973477884601824,0.174669826244958,1.04863583254347,0.853999693319896,1.04281073906155,9,6,5,-37.5
0,0,4,4,1,2,25,6,0,37500,Treatment 1,20,0,0,4,4,4,4,1,1,1,0,0,0,1,0,1,0,0,0.926583416636868,-0.11572814012749,0.174669826244958,-0.100554120928827,-0.459845988710713,-0.206999884532818,8,5,-20,-62.5
0,0,5,4,7,6,25,6,0,37500,Treatment 2a,88,93,1,4,4,3,5,1,1,1,0,0,0,0,0,0,1,0,10.9265834166369,0.428874872237167,0.174669826244958,-0.100554120928827,-1.77369167074132,1.04281073906155,8,5,5,30.5
0,1,5,5,2,3,35,6,2,87500,Control,19,41,1,2,4,5,4,0,1,1,0,1,1,1,1,0,0,0,2.92658341663687,0.973477884601824,-1.75272135990631,-0.100554120928827,0.853999693319896,-0.206999884532818,6,2,22,-21.5
1,1,4,4,7,6,25,6,0,62500,Treatment 2b,69,66,1,4,3,4,4,1,1,1,0,0,0,0,0,0,0,1,10.9265834166369,-0.11572814012749,0.174669826244958,-1.24974407440113,-0.459845988710713,-0.206999884532818,7,3,-3,3.5
0,1,5,5,2,5,45,4,2,37500,Treatment 2a,35,55,1,4,4,5,5,0,1,0,0,1,1,1,0,0,1,0,4.92658341663687,0.973477884601824,0.174669826244958,-0.100554120928827,0.853999693319896,1.04281073906155,8,5,20,-7.5
1,1,3,3,4,4,45,3,0,62500,Treatment 2a,125,125,1,5,5,5,5,0,0,0,1,0,0,0,0,0,1,0,5.92658341663687,-1.2049341648568,1.13836541932059,1.04863583254347,0.853999693319896,1.04281073906155,10,7,0,62.5
0,0,4,3,6,6,45,3,2,112500,Treatment 2a,25,30,1,4,4,5,4,1,0,0,0,1,1,0,0,0,1,0,9.92658341663687,-0.660331152492146,0.174669826244958,-0.100554120928827,0.853999693319896,-0.206999884532818,8,5,5,-32.5
0,0,3,4,2,3,35,4,0,37500,Treatment 1,35,40,1,3,3,5,3,1,0,0,0,0,0,1,0,1,0,0,2.92658341663687,-0.660331152492146,-0.789025766830675,-1.24974407440113,0.853999693319896,-1.45681050812719,6,2,5,-22.5
0,1,5,5,7,6,35,6,0,62500,Treatment 2b,15,25,1,4,5,5,5,0,1,1,0,0,1,1,0,0,0,1,10.9265834166369,0.973477884601824,0.174669826244958,1.04863583254347,0.853999693319896,1.04281073906155,9,6,10,-37.5
0,0,5,5,1,2,35,6,0,37500,Treatment 2b,30,45,1,4,4,5,3,0,0,1,0,0,0,1,0,0,0,1,0.926583416636868,0.973477884601824,0.174669826244958,-0.100554120928827,0.853999693319896,-1.45681050812719,8,5,15,-17.5
0,0,5,4,6,4,45,5,0,87500,Treatment 1,45,75,1,5,5,4,4,1,1,0,0,0,1,0,0,1,0,0,7.92658341663687,0.428874872237167,1.13836541932059,1.04863583254347,-0.459845988710713,-0.206999884532818,10,7,30,12.5
0,0,5,4,4,7,25,6,0,62500,Treatment 1,75,0,0,4,4,3,4,0,0,1,0,0,1,1,0,1,0,0,8.92658341663687,0.428874872237167,0.174669826244958,-0.100554120928827,-1.77369167074132,-0.206999884532818,8,5,-75,-62.5
0,0,5,5,1,1,45,3,2,12500,Treatment 2b,125,125,1,5,5,5,5,1,0,0,0,0,0,0,0,0,0,1,-0.0734165833631315,0.973477884601824,1.13836541932059,1.04863583254347,0.853999693319896,1.04281073906155,10,7,0,62.5
0,0,5,5,2,2,25,6,0,37500,Treatment 2b,50,49,1,5,5,5,4,0,0,1,0,0,0,0,0,0,0,1,1.92658341663687,0.973477884601824,1.13836541932059,1.04863583254347,0.853999693319896,-0.206999884532818,10,7,-1,-13.5
1,1,4,4,7,2,35,7,1,62500,Treatment 2b,89,91,1,5,5,4,5,1,0,1,0,1,0,1,0,0,0,1,6.92658341663687,-0.11572814012749,1.13836541932059,1.04863583254347,-0.459845988710713,1.04281073906155,10,7,2,28.5
0,1,5,5,3,2,25,4,2,12500,Treatment 2a,125,125,1,5,5,4,4,0,0,0,0,0,1,1,0,0,1,0,2.92658341663687,0.973477884601824,1.13836541932059,1.04863583254347,-0.459845988710713,-0.206999884532818,10,7,0,62.5
1,1,4,4,6,6,25,6,0,62500,Control,70,73,1,4,3,4,4,1,1,1,0,0,0,0,1,0,0,0,9.92658341663687,-0.11572814012749,0.174669826244958,-1.24974407440113,-0.459845988710713,-0.206999884532818,7,3,3,10.5
0,0,4,4,4,4,35,6,0,112500,Treatment 2a,15,30,1,5,5,5,5,0,0,1,0,0,1,0,0,0,1,0,5.92658341663687,-0.11572814012749,1.13836541932059,1.04863583254347,0.853999693319896,1.04281073906155,10,7,15,-32.5
0,1,3,4,7,6,35,7,2,112500,Treatment 2b,23,20,1,2,4,5,5,0,1,1,0,1,0,0,0,0,0,1,10.9265834166369,-0.660331152492146,-1.75272135990631,-0.100554120928827,0.853999693319896,1.04281073906155,6,2,-3,-42.5
0,0,4,4,2,3,35,3,1,37500,Treatment 2a,63,70,1,4,4,4,5,0,0,0,0,0,1,1,0,0,1,0,2.92658341663687,-0.11572814012749,0.174669826244958,-0.100554120928827,-0.459845988710713,1.04281073906155,8,5,7,7.5
0,0,3,4,3,3,35,3,0,12500,Treatment 1,20,50,1,3,3,5,4,0,0,0,1,0,0,1,0,1,0,0,3.92658341663687,-0.660331152492146,-0.789025766830675,-1.24974407440113,0.853999693319896,-0.206999884532818,6,2,30,-12.5
0,0,4,4,4,2,65,6,0,12500,Treatment 1,80,90,1,5,5,5,5,0,0,1,0,0,1,0,0,1,0,0,3.92658341663687,-0.11572814012749,1.13836541932059,1.04863583254347,0.853999693319896,1.04281073906155,10,7,10,27.5
1,1,5,5,1,2,35,6,0,37500,Treatment 1,100,125,1,5,5,5,4,0,0,1,0,0,1,0,0,1,0,0,0.926583416636868,0.973477884601824,1.13836541932059,1.04863583254347,0.853999693319896,-0.206999884532818,10,7,25,62.5
0,1,4,4,2,3,25,3,0,37500,Control,65,70,1,3,4,4,4,0,1,0,1,0,1,1,1,0,0,0,2.92658341663687,-0.11572814012749,-0.789025766830675,-0.100554120928827,-0.459845988710713,-0.206999884532818,7,3,5,7.5
1,1,4,5,7,6,65,6,2,37500,Treatment 2b,112,118,1,4,5,4,5,0,1,1,0,1,0,1,0,0,0,1,10.9265834166369,0.428874872237167,0.174669826244958,1.04863583254347,-0.459845988710713,1.04281073906155,9,6,6,55.5
1,1,5,4,7,7,25,6,0,37500,Treatment 1,118,111,1,4,5,5,4,0,0,1,0,0,0,1,0,1,0,0,11.9265834166369,0.428874872237167,0.174669826244958,1.04863583254347,0.853999693319896,-0.206999884532818,9,6,-7,48.5
1,1,4,4,4,3,35,6,1,12500,Treatment 2a,48,79,1,3,3,2,2,1,0,1,0,1,0,0,0,0,1,0,4.92658341663687,-0.11572814012749,-0.789025766830675,-1.24974407440113,-3.08753735277193,-2.70662113172156,6,2,31,16.5
1,1,5,4,3,3,55,7,1,112500,Control,35,45,1,5,5,5,4,1,0,1,0,0,0,0,1,0,0,0,3.92658341663687,0.428874872237167,1.13836541932059,1.04863583254347,0.853999693319896,-0.206999884532818,10,7,10,-17.5
1,1,1,3,5,5,55,6,2,37500,Control,66,86,1,2,4,5,5,1,1,1,0,1,0,1,1,0,0,0,7.92658341663687,-2.29414018958612,-1.75272135990631,-0.100554120928827,0.853999693319896,1.04281073906155,6,2,20,23.5
1,1,3,4,1,2,35,6,0,12500,Treatment 2b,101,100,1,4,4,3,5,0,0,1,0,0,0,0,0,0,0,1,0.926583416636868,-0.660331152492146,0.174669826244958,-0.100554120928827,-1.77369167074132,1.04281073906155,8,5,-1,37.5
0,1,5,5,1,1,35,6,0,37500,Treatment 2b,60,75,1,5,5,5,5,0,0,1,0,0,0,1,0,0,0,1,-0.0734165833631315,0.973477884601824,1.13836541932059,1.04863583254347,0.853999693319896,1.04281073906155,10,7,15,12.5
1,0,4,4,3,3,35,5,0,37500,Treatment 2a,50,0,0,1,2,5,4,0,1,0,1,0,0,0,0,0,1,0,3.92658341663687,-0.11572814012749,-2.71641695298194,-2.39893402787342,0.853999693319896,-0.206999884532818,3,1,-50,-62.5
1,1,4,4,1,6,35,6,2,12500,Treatment 2a,105,75,1,4,4,4,4,0,0,1,0,1,0,1,0,0,1,0,4.92658341663687,-0.11572814012749,0.174669826244958,-0.100554120928827,-0.459845988710713,-0.206999884532818,8,5,-30,12.5
0,0,4,4,3,3,35,3,0,62500,Control,55,75,1,4,4,5,5,0,1,0,0,0,1,0,1,0,0,0,3.92658341663687,-0.11572814012749,0.174669826244958,-0.100554120928827,0.853999693319896,1.04281073906155,8,5,20,12.5
0,1,5,5,4,2,35,6,0,37500,Treatment 2a,61,0,0,4,4,4,4,1,0,1,0,0,1,0,0,0,1,0,3.92658341663687,0.973477884601824,0.174669826244958,-0.100554120928827,-0.459845988710713,-0.206999884532818,8,5,-61,-62.5
0,1,5,5,1,1,35,3,0,12500,Treatment 2b,2,5,1,5,4,4,4,1,0,0,0,0,0,0,0,0,0,1,-0.0734165833631315,0.973477884601824,1.13836541932059,-0.100554120928827,-0.459845988710713,-0.206999884532818,9,6,3,-57.5
0,0,5,4,2,2,25,6,0,37500,Treatment 2b,30,50,1,5,4,4,4,1,0,1,0,1,0,1,0,0,0,1,1.92658341663687,0.428874872237167,1.13836541932059,-0.100554120928827,-0.459845988710713,-0.206999884532818,9,6,20,-12.5
1,1,3,3,3,3,35,4,0,37500,Treatment 1,70,25,1,4,4,5,3,0,0,0,0,0,0,1,0,1,0,0,3.92658341663687,-1.2049341648568,0.174669826244958,-0.100554120928827,0.853999693319896,-1.45681050812719,8,5,-45,-37.5
0,0,5,5,2,3,35,6,3,62500,Treatment 1,40,50,1,4,4,4,4,0,0,1,0,1,1,1,0,1,0,0,2.92658341663687,0.973477884601824,0.174669826244958,-0.100554120928827,-0.459845988710713,-0.206999884532818,8,5,10,-12.5
0,0,4,4,7,6,45,5,2,37500,Treatment 2b,10,20,1,4,5,5,5,0,0,0,0,1,1,0,0,0,0,1,10.9265834166369,-0.11572814012749,0.174669826244958,1.04863583254347,0.853999693319896,1.04281073906155,9,6,10,-42.5
0,0,5,5,1,1,35,7,1,87500,Control,35,40,1,1,1,1,1,1,0,1,0,0,1,0,1,0,0,0,-0.0734165833631315,0.973477884601824,-2.71641695298194,-3.54812398134572,-4.40138303480254,-3.95643175531593,2,1,5,-22.5
0,1,3,3,5,6,25,3,0,62500,Treatment 2a,85,85,1,4,4,5,5,0,0,0,0,0,0,0,0,0,1,0,8.92658341663687,-1.2049341648568,0.174669826244958,-0.100554120928827,0.853999693319896,1.04281073906155,8,5,0,22.5
0,1,5,5,7,7,35,7,2,150000,Treatment 1,90,110,1,4,5,5,4,0,0,1,0,1,1,1,0,1,0,0,11.9265834166369,0.973477884601824,0.174669826244958,1.04863583254347,0.853999693319896,-0.206999884532818,9,6,20,47.5
0,0,5,4,5,2,35,7,1,37500,Control,100,100,1,4,5,5,4,1,0,1,0,1,0,1,1,0,0,0,4.92658341663687,0.428874872237167,0.174669826244958,1.04863583254347,0.853999693319896,-0.206999884532818,9,6,0,37.5
0,0,5,5,6,5,25,3,0,37500,Treatment 1,60,63,1,5,5,5,4,0,0,0,0,0,0,0,0,1,0,0,8.92658341663687,0.973477884601824,1.13836541932059,1.04863583254347,0.853999693319896,-0.206999884532818,10,7,3,0.5
0,0,4,4,3,3,35,5,0,12500,Treatment 2a,40,40,1,4,4,5,4,0,0,0,0,0,0,1,0,0,1,0,3.92658341663687,-0.11572814012749,0.174669826244958,-0.100554120928827,0.853999693319896,-0.206999884532818,8,5,0,-22.5
0,0,4,5,1,1,45,3,3,87500,Treatment 2b,50,100,1,5,5,5,5,1,0,0,0,0,1,1,0,0,0,1,-0.0734165833631315,0.428874872237167,1.13836541932059,1.04863583254347,0.853999693319896,1.04281073906155,10,7,50,37.5
1,1,3,3,4,5,35,6,0,62500,Treatment 1,40,70,1,4,5,5,4,0,0,1,0,0,0,1,0,1,0,0,6.92658341663687,-1.2049341648568,0.174669826244958,1.04863583254347,0.853999693319896,-0.206999884532818,9,6,30,7.5
1,1,4,4,2,2,25,3,0,12500,Treatment 1,77,80,1,4,4,4,4,0,1,0,0,0,0,0,0,1,0,0,1.92658341663687,-0.11572814012749,0.174669826244958,-0.100554120928827,-0.459845988710713,-0.206999884532818,8,5,3,17.5
1,1,5,4,4,2,25,6,0,87500,Treatment 1,68,41,1,5,5,4,4,0,0,1,0,0,0,0,0,1,0,0,3.92658341663687,0.428874872237167,1.13836541932059,1.04863583254347,-0.459845988710713,-0.206999884532818,10,7,-27,-21.5
1,1,4,3,2,6,35,6,2,12500,Treatment 2b,73,76,1,4,5,4,3,0,0,1,0,1,0,1,0,0,0,1,5.92658341663687,-0.660331152492146,0.174669826244958,1.04863583254347,-0.459845988710713,-1.45681050812719,9,6,3,13.5
0,0,5,5,6,6,35,6,2,112500,Treatment 2a,125,117,1,5,5,5,5,0,0,1,0,1,1,1,0,0,1,0,9.92658341663687,0.973477884601824,1.13836541932059,1.04863583254347,0.853999693319896,1.04281073906155,10,7,-8,54.5
1,0,5,4,1,6,35,6,2,12500,Treatment 1,83,74,1,3,5,4,4,0,0,1,0,1,0,1,0,1,0,0,4.92658341663687,0.428874872237167,-0.789025766830675,1.04863583254347,-0.459845988710713,-0.206999884532818,8,5,-9,11.5
1,1,4,4,2,4,25,7,3,62500,Treatment 2b,55,74,1,4,2,4,4,1,1,1,0,0,0,0,0,0,0,1,3.92658341663687,-0.11572814012749,0.174669826244958,-2.39893402787342,-0.459845988710713,-0.206999884532818,6,2,19,11.5
0,0,2,4,4,5,25,3,0,37500,Treatment 1,125,125,1,4,4,4,4,1,0,0,0,1,1,1,0,1,0,0,6.92658341663687,-1.2049341648568,0.174669826244958,-0.100554120928827,-0.459845988710713,-0.206999884532818,8,5,0,62.5
